Year,Term,TermYear,Course,Course Title,ACP,CS,HUM,NAT,QR,SBS
2023,Spring,2023-sp,AAS 100,Intro Asian American Studies,,US,,,,SS
2023,Spring,2023-sp,AAS 105,Introduction to Arab American Studies,,US,,,,
2023,Spring,2023-sp,AAS 120,Intro to Asian Am Pop Culture,,US,,,,
2023,Spring,2023-sp,AAS 200,U.S. Race and Empire,,US,HP,,,
2023,Spring,2023-sp,AAS 201,US Racial & Ethnic Politics,,US,,,,SS
2023,Spring,2023-sp,AAS 211,Asian Americans and the Arts,,US,LA,,,
2023,Spring,2023-sp,AAS 215,US Citizenship Comparatively,,US,HP,,,
2023,Spring,2023-sp,AAS 246,Asian American Youth in Film,,US,,,,SS
2023,Spring,2023-sp,AAS 258,Muslims in America,,US,,,,SS
2023,Spring,2023-sp,AAS 260,Intro Asian American Theatre,,US,,,,
2023,Spring,2023-sp,AAS 265,Politics of Hip Hop,,US,,,,
2023,Spring,2023-sp,AAS 275,The Politics of Fashion,,US,,,,
2023,Spring,2023-sp,AAS 281,Constructing Race in America,,US,HP,,,
2023,Spring,2023-sp,AAS 282,Feminist and Queer Activisms,,US,,,,
2023,Spring,2023-sp,AAS 283,Asian American History,,US,HP,,,
2023,Spring,2023-sp,AAS 286,Asian American Literature,,US,LA,,,
2023,Spring,2023-sp,AAS 287,Food and Asian Americans,,US,,,,SS
2023,Spring,2023-sp,AAS 288,Global Islam and Feminisms,,NW,,,,
2023,Spring,2023-sp,AAS 297,Asian Families in America,,US,,,,SS
2023,Spring,2023-sp,AAS 300,"Theories of Race, Gender, and Sexuality",ACP,,,,,
2023,Spring,2023-sp,AAS 310,Race and Cultural Diversity,ACP,US,,,,
2023,Spring,2023-sp,AAS 370,"Immigration, Law, and Rights",ACP,,,,,
2023,Spring,2023-sp,AAS 402,Asian American Education,ACP,US,,,,
2023,Spring,2023-sp,ABE 152,Water in the Global Environment,,NW,,PS,,
2023,Spring,2023-sp,ABE 232,Context in International Interventions,,NW,,,,SS
2023,Spring,2023-sp,ABE 469,Industry-Linked Design Project,ACP,,,,,
2023,Spring,2023-sp,ACE 100,Introduction to Applied Microeconomics,,,,,,SS
2023,Spring,2023-sp,ACE 210,Environmental Economics,,,,,,SS
2023,Spring,2023-sp,ACE 251,The World Food Economy,,NW,,,,SS
2023,Spring,2023-sp,ACE 254,Economic Systems in Africa,,NW,,,,SS
2023,Spring,2023-sp,ACE 255,Economics of Food and Environmental Justice,,US,,,,SS
2023,Spring,2023-sp,ACE 262,Applied Statistical Methods and Data Analytics I,,,,,QR1,
2023,Spring,2023-sp,ACES 102,Intro Sustainable Food Systems,,,,LS,,
2023,Spring,2023-sp,ACES 179,History of Ag in IL Since 1860,,US,HP,,,
2023,Spring,2023-sp,ADV 150,Introduction to Advertising,,,,,,SS
2023,Spring,2023-sp,ADV 175,Diversity in Advertising,,US,,,,
2023,Spring,2023-sp,ADV 200,Data Literacy,,,,,QR1,
2023,Spring,2023-sp,ADV 305,Advertising Technology and the Digital World,,,,,,SS
2023,Spring,2023-sp,ADV 312,Advertising History,,,HP,,,
2023,Spring,2023-sp,ADV 393,Advertising and Society,,,,,,SS
2023,Spring,2023-sp,ADV 476,Global Advertising,,WCC,,,,SS
2023,Spring,2023-sp,AE 443,Aerospace Systems Design II,ACP,,,,,
2023,Spring,2023-sp,AFAS 120,Intro to US Armed Forces,,,HP,,,
2023,Spring,2023-sp,AFRO 100,Intro to African American St,,US,,,,SS
2023,Spring,2023-sp,AFRO 101,"Black America, 1619-Present",,US,HP,,,
2023,Spring,2023-sp,AFRO 103,Black Women in the Diaspora,,US,,,,
2023,Spring,2023-sp,AFRO 105,Black Literature in America,,US,LA,,,
2023,Spring,2023-sp,AFRO 106,Hist Arch Americas,,US,HP,,,
2023,Spring,2023-sp,AFRO 132,African American Music,,US,LA,,,
2023,Spring,2023-sp,AFRO 134,"Religion, Race, and Resistance",,US,,,,
2023,Spring,2023-sp,AFRO 201,US Racial & Ethnic Politics,,US,,,,SS
2023,Spring,2023-sp,AFRO 211,Intro to African-American Film,,US,,,,
2023,Spring,2023-sp,AFRO 212,Intro African American Theat,,US,,,,
2023,Spring,2023-sp,AFRO 215,US Citizenship Comparatively,,US,HP,,,
2023,Spring,2023-sp,AFRO 221,History of the Prison,,WCC,HP,,,
2023,Spring,2023-sp,AFRO 224,Humanist Persp of Afro-Am Exp,,US,LA,,,
2023,Spring,2023-sp,AFRO 228,Hip Hop Music: History and Culture,,US,LA,,,
2023,Spring,2023-sp,AFRO 231,Lang Diff Dis: American Persp,,US,,,,
2023,Spring,2023-sp,AFRO 234,Black Religious Imaginations,,US,,,,
2023,Spring,2023-sp,AFRO 243,Pan Africanism,,NW,,,,
2023,Spring,2023-sp,AFRO 250,Introduction to Health and Wellness in the Black Community,,US,,,,SS
2023,Spring,2023-sp,AFRO 259,Early African American Literature and Culture,,US,,,,
2023,Spring,2023-sp,AFRO 260,Modern African American Literature and Culture,,US,,,,
2023,Spring,2023-sp,AFRO 261,Intro to the African Diaspora,,US,HP,,,
2023,Spring,2023-sp,AFRO 275,Afro-American History to 1877,,US,HP,,,
2023,Spring,2023-sp,AFRO 276,Afro-American Hist Since 1877,,US,HP,,,
2023,Spring,2023-sp,AFRO 281,Constructing Race in America,,US,HP,,,
2023,Spring,2023-sp,AFRO 287,African-American Women,,US,HP,,,
2023,Spring,2023-sp,AFRO 290,Af Am Urban Hist Since 1917,,US,HP,,,
2023,Spring,2023-sp,AFRO 310,Race and Cultural Diversity,ACP,US,,,,
2023,Spring,2023-sp,AFRO 340,Dancing Black Popular Culture,,US,HP,,,
2023,Spring,2023-sp,AFRO 400,African Diasporic Thought in the Caribbean,,NW,,,,
2023,Spring,2023-sp,AFRO 460,Slavery in the United States,ACP,,,,,
2023,Spring,2023-sp,AFRO 474,"The Black Freedom Movement, 1955-Present",ACP,,,,,
2023,Spring,2023-sp,AFST 103,Black Women in the Diaspora,,US,,,,
2023,Spring,2023-sp,AFST 111,History of Africa to 1800,,NW,HP,,,
2023,Spring,2023-sp,AFST 112,History of Africa from 1800,,NW,HP,,,
2023,Spring,2023-sp,AFST 210,Introduction to Modern African Literature,,NW,LA,,,
2023,Spring,2023-sp,AFST 213,African Muslim Societies,,NW,HP,,,
2023,Spring,2023-sp,AFST 222,Introduction to Modern Africa,,NW,,,,
2023,Spring,2023-sp,AFST 233,Context in International Interventions,,NW,,,,SS
2023,Spring,2023-sp,AFST 243,Pan Africanism,,NW,,,,
2023,Spring,2023-sp,AFST 254,Economic Systems in Africa,,NW,,,,SS
2023,Spring,2023-sp,AFST 266,African Film and Society,,NW,,,,
2023,Spring,2023-sp,AGCM 220,Communicating Agriculture,ACP,,,,,
2023,Spring,2023-sp,AGED 360,Advanced Leadership Studies,,,,,,SS
2023,Spring,2023-sp,AIS 101,Intro to Amer Indian Studies,,US,HP,,,
2023,Spring,2023-sp,AIS 102,Contemp Issues in Ind Country,,US,,,,SS
2023,Spring,2023-sp,AIS 140,Native Religious Traditions,,US,HP,,,
2023,Spring,2023-sp,AIS 165,Lang & Culture Native North Am,,NW,,,,
2023,Spring,2023-sp,AIS 214,American Indian Law & Politics,,US,,,,SS
2023,Spring,2023-sp,AIS 265,Intro to American Indian Lit,,US,LA,,,
2023,Spring,2023-sp,AIS 275,Am Indian and Indigenous Film,,US,LA,,,
2023,Spring,2023-sp,AIS 277,Encounters in Native America,,US,HP,,,
2023,Spring,2023-sp,AIS 278,Native American History,,US,HP,,,
2023,Spring,2023-sp,AIS 285,Indigenous Thinkers,,NW,HP,,,
2023,Spring,2023-sp,AIS 288,American Indians of Illinois,,US,HP,,,
2023,Spring,2023-sp,AIS 295,US Citizenship Comparatively,,US,HP,,,
2023,Spring,2023-sp,ANSC 110,Life With Animals and Biotech,,,,LS,,
2023,Spring,2023-sp,ANSC 205,World Animal Resources,ACP,,,,,
2023,Spring,2023-sp,ANSC 207,The Science of Pets and How to Care for Them,,,,LS,,
2023,Spring,2023-sp,ANSC 250,Companion Animals in Society,,WCC,,,,
2023,Spring,2023-sp,ANSC 255,Animal Ethics,,,HP,,,
2023,Spring,2023-sp,ANSC 305,Human Animal Interactions,,,,,,SS
2023,Spring,2023-sp,ANTH 101,Introduction to Anthropology,,WCC,,,,SS
2023,Spring,2023-sp,ANTH 102,Human Origins and Culture,,,,,,SS
2023,Spring,2023-sp,ANTH 103,Anthro in a Changing World,,NW,,,,SS
2023,Spring,2023-sp,ANTH 104,Talking Culture,,,,,,SS
2023,Spring,2023-sp,ANTH 105,World Archaeology,,,HP,,,
2023,Spring,2023-sp,ANTH 106,Hist Arch Americas,,US,HP,,,
2023,Spring,2023-sp,ANTH 108,Religion & Society in West I,,WCC,HP,,,
2023,Spring,2023-sp,ANTH 109,Religion & Society in West II,,WCC,HP,,,
2023,Spring,2023-sp,ANTH 110,Humanizing Science,,,,,,SS
2023,Spring,2023-sp,ANTH 126,Humans and Animals - Food or Friend?,,,,,,SS
2023,Spring,2023-sp,ANTH 130,History of South Asia,,NW,HP,,,
2023,Spring,2023-sp,ANTH 143,Biology of Human Behavior,,,,LS,,
2023,Spring,2023-sp,ANTH 157,The Archaeology of Illinois,,,HP,,,
2023,Spring,2023-sp,ANTH 160,Race and Contemporary Social Issues,,US,,,,
2023,Spring,2023-sp,ANTH 165,Lang & Culture Native North Am,,NW,,,,
2023,Spring,2023-sp,ANTH 175,Archaeology and Pop Culture,,,HP,,,
2023,Spring,2023-sp,ANTH 180,The Archaeology of Death,,WCC,,,,SS
2023,Spring,2023-sp,ANTH 182,Latin American Cultures,,NW,,,,SS
2023,Spring,2023-sp,ANTH 209,"Food, Culture, and Society",,WCC,,,,SS
2023,Spring,2023-sp,ANTH 210,Families in Global Perspective,,NW,,,,SS
2023,Spring,2023-sp,ANTH 221,Archaeology of South Asia,,NW,,,,SS
2023,Spring,2023-sp,ANTH 222,Introduction to Modern Africa,,NW,,,,
2023,Spring,2023-sp,ANTH 224,Tourist Cities and Sites,,,,,,SS
2023,Spring,2023-sp,ANTH 241,Human Biological Variation,,,,LS,,
2023,Spring,2023-sp,ANTH 246,Forensic Science,,,,LS,,
2023,Spring,2023-sp,ANTH 248,Introduction to Engaged and Public Anthropology,,NW,,,,SS
2023,Spring,2023-sp,ANTH 249,Evolution and Human Disease,,,,LS,,
2023,Spring,2023-sp,ANTH 250,The World Through Museums,,WCC,,,,SS
2023,Spring,2023-sp,ANTH 259,Latina/o Anthropology,,US,,,,SS
2023,Spring,2023-sp,ANTH 261,Intro to the African Diaspora,,US,HP,,,
2023,Spring,2023-sp,ANTH 262,Women's Lives,,,,,,SS
2023,Spring,2023-sp,ANTH 263,"Body, Personhood, and Culture",,,,,,SS
2023,Spring,2023-sp,ANTH 266,African Film and Society,,NW,,,,
2023,Spring,2023-sp,ANTH 268,Images of the Other,ACP,WCC,HP,,,
2023,Spring,2023-sp,ANTH 270,Language in Culture,ACP,,,,,SS
2023,Spring,2023-sp,ANTH 272,Language and Culture in Turkey,,NW,,,,
2023,Spring,2023-sp,ANTH 277,"Ancient Cities, Sacred Land",,WCC,,,,SS
2023,Spring,2023-sp,ANTH 278,Climate Change & Civilization,,NW,,,,
2023,Spring,2023-sp,ANTH 279,"Economy, Business & Society",,WCC,,,,SS
2023,Spring,2023-sp,ANTH 285,Intro to Korea Through Film,,NW,,,,
2023,Spring,2023-sp,ANTH 288,American Indians of Illinois,,US,HP,,,
2023,Spring,2023-sp,ANTH 290,Jewish Cultures of the World,,NW,,,,
2023,Spring,2023-sp,ANTH 339,Industrial Heritage and Communities,,,,,,SS
2023,Spring,2023-sp,ANTH 393,The World of Jewish Sepharad,,WCC,HP,,,
2023,Spring,2023-sp,ANTH 414,Writing Ethnography,ACP,,,,,
2023,Spring,2023-sp,ARAB 150,Lang&Culture of Arab World,,NW,,,,
2023,Spring,2023-sp,ARCH 164,Architecture as a Second Language,,,LA,,,
2023,Spring,2023-sp,ARCH 222,Islamic Gardens & Architecture,,NW,HP,,,
2023,Spring,2023-sp,ARCH 314,History of World Landscapes,ACP,WCC,HP,,,
2023,Spring,2023-sp,ART 100,Understanding Visual Culture,,,LA,,,
2023,Spring,2023-sp,ART 102,Drawing for Non-Majors,,,LA,,,
2023,Spring,2023-sp,ART 103,Painting for Non-Majors,,,LA,,,
2023,Spring,2023-sp,ART 104,Sculpture for Non-Majors,,,LA,,,
2023,Spring,2023-sp,ART 105,Visual Design for Non-Majors,,,LA,,,
2023,Spring,2023-sp,ART 140,Introduction to Art,,,LA,,,
2023,Spring,2023-sp,ART 205,Experience & Meaning in Design,,WCC,,,,BSC
2023,Spring,2023-sp,ART 208,Digital Art and Sustainability,,,LA,,,
2023,Spring,2023-sp,ART 221,Visual Culture of Fandoms,,,LA,,,
2023,Spring,2023-sp,ART 240,Learning Through Contemporary Art,,,LA,,,
2023,Spring,2023-sp,ART 280,Exploring Visual Culture,,WCC,LA,,,
2023,Spring,2023-sp,ART 310,Design Thinking,,,LA,,,
2023,Spring,2023-sp,ARTD 240,eWaste: Sustainable Design,,,LA,,,
2023,Spring,2023-sp,ARTH 110,Introduction to the History of Art and Visual Culture,,WCC,LA,,,
2023,Spring,2023-sp,ARTH 111,Ancient to Medieval Art,,,LA,,,
2023,Spring,2023-sp,ARTH 112,Renaissance to Modern Art,,,LA,,,
2023,Spring,2023-sp,ARTH 211,Design History Survey,,,LA,,,
2023,Spring,2023-sp,ARTH 212,East Asian Art History,,NW,LA,,,
2023,Spring,2023-sp,ARTH 214,Art in China,,NW,,,,
2023,Spring,2023-sp,ARTH 217,Development of Ancient Cities,,WCC,HP,,,
2023,Spring,2023-sp,ARTH 219,Islamic Gardens & Architecture,,NW,HP,,,
2023,Spring,2023-sp,ARTH 241,"Modern Art, 1880-1940",,,LA,,,
2023,Spring,2023-sp,ARTH 242,Art Since 1940,,,LA,,,
2023,Spring,2023-sp,ARTH 260,Graffiti and Murals,,WCC,LA,,,
2023,Spring,2023-sp,ARTJ 209,Chado (The Way of Tea),,NW,,,,
2023,Spring,2023-sp,ARTJ 301,Manga: The Art of Image and Word,,NW,LA,,,
2023,Spring,2023-sp,ARTJ 302,Intro to Japanese Animation,,NW,HP,,,
2023,Spring,2023-sp,ARTS 220,Introduction to Fashion,,,LA,,,
2023,Spring,2023-sp,ASST 104,Asian Mythology,,NW,HP,,,
2023,Spring,2023-sp,ASST 208,Cultures & Literatures of South Asia,,NW,LA,,,
2023,Spring,2023-sp,ASTR 100,Introduction to Astronomy,,,,PS,,
2023,Spring,2023-sp,ASTR 121,Solar System and Worlds Beyond,,,,PS,QR2,
2023,Spring,2023-sp,ASTR 122,Stars and Galaxies,,,,PS,QR2,
2023,Spring,2023-sp,ASTR 150,Killer Skies: Astro-Disasters,,,,PS,,
2023,Spring,2023-sp,ASTR 401,Scientific Writing for Astronomy,ACP,,,,,
2023,Spring,2023-sp,ASTR 490,Senior Thesis,ACP,,,,,
2023,Spring,2023-sp,ATMS 100,Introduction to Meteorology,,,,PS,,
2023,Spring,2023-sp,ATMS 120,Severe and Hazardous Weather,,,,PS,QR2,
2023,Spring,2023-sp,ATMS 140,Climate and Global Change,,,,PS,,
2023,Spring,2023-sp,ATMS 202,General Physical Climate,,,,,QR2,
2023,Spring,2023-sp,ATMS 315,Meteorological Instrumentation,ACP,,,,,
2023,Spring,2023-sp,ATMS 322,Soc Impacts Weather & Climate,,,,,,SS
2023,Spring,2023-sp,BADM 340,Ethical Dilemmas of Business,ACP,,,,,
2023,Spring,2023-sp,BCS 115,South Slavic Cultures,,NW,,,,SS
2023,Spring,2023-sp,BCS 215,Yugoslavia and After,,WCC,,,,
2023,Spring,2023-sp,BIOC 460,Biochemistry Senior Seminar,ACP,,,,,
2023,Spring,2023-sp,BTW 250,Principles Bus Comm,ACP,,,,,
2023,Spring,2023-sp,BTW 261,Principles Tech Comm,ACP,,,,,
2023,Spring,2023-sp,BTW 263,Writing in the Disciplines,ACP,,,,,
2023,Spring,2023-sp,BTW 280,Global Business Communication,ACP,,,,,
2023,Spring,2023-sp,BTW 285,Writing a Web Presence,ACP,,,,,
2023,Spring,2023-sp,CEE 300,Behavior of Materials,ACP,,,,,
2023,Spring,2023-sp,CHBE 101,Hidden World of Engineering,,,,PS,,
2023,Spring,2023-sp,CHBE 431,Process Design,ACP,,,,,
2023,Spring,2023-sp,CHEM 101,Introductory Chemistry,,,,PS,,
2023,Spring,2023-sp,CHEM 102,General Chemistry I,,,,PS,,
2023,Spring,2023-sp,CHEM 103,General Chemistry Lab I,,,,PS,,
2023,Spring,2023-sp,CHEM 104,General Chemistry II,,,,PS,,
2023,Spring,2023-sp,CHEM 105,General Chemistry Lab II,,,,PS,,
2023,Spring,2023-sp,CHEM 108,"Chemistry, Everyday Phenomena",,,,PS,,
2023,Spring,2023-sp,CHEM 202,Accelerated Chemistry I,,,,PS,,
2023,Spring,2023-sp,CHEM 204,Accelerated Chemistry II,,,,PS,,
2023,Spring,2023-sp,CHEM 317,Inorganic Chemistry Lab,ACP,,,,,
2023,Spring,2023-sp,CHEM 437,Organic Chemistry Lab,ACP,,,,,
2023,Spring,2023-sp,CHLH 100,Contemporary Health,,,,,,SS
2023,Spring,2023-sp,CHLH 101,Introduction to Public Health,,,,,,SS
2023,Spring,2023-sp,CHLH 244,Health Statistics,,,,,QR1,
2023,Spring,2023-sp,CHLH 260,Introduction to Medical Ethics,,,HP,,,
2023,Spring,2023-sp,CHLH 274,Introduction to Epidemiology,,,,,QR1,
2023,Spring,2023-sp,CHLH 304,Foundations of Health Behavior,ACP,,,,,BSC
2023,Spring,2023-sp,CHLH 330,Disability in American Society,,,,,,SS
2023,Spring,2023-sp,CHLH 421,Health Data Analysis,,,,,QR2,
2023,Spring,2023-sp,CHP 396,Interdisciplinary Seminar ACP,ACP,,,,,
2023,Spring,2023-sp,CI 210,Introduction to Digital Learning Environments,,,,,,BSC
2023,Spring,2023-sp,CLCV 114,Introduction to Ancient Greek Culture,,WCC,LA,,,
2023,Spring,2023-sp,CLCV 115,Mythology of Greece and Rome,,WCC,LA,,,
2023,Spring,2023-sp,CLCV 116,Introduction to Ancient Roman Culture,,WCC,HP,,,
2023,Spring,2023-sp,CLCV 120,The Classical Tradition,,WCC,LA,,,
2023,Spring,2023-sp,CLCV 131,"Classical Archaeology, Greece",,WCC,HP,,,
2023,Spring,2023-sp,CLCV 132,"Class Archaeology, Rome-Italy",,WCC,HP,,,
2023,Spring,2023-sp,CLCV 133,Archaeology of Israel,,WCC,HP,,,
2023,Spring,2023-sp,CLCV 160,Ancient Greek & Roman Religion,,WCC,HP,,,
2023,Spring,2023-sp,CLCV 203,Ancient Philosophy,,,HP,,,
2023,Spring,2023-sp,CLCV 220,Exploring the Greek and Roman World,,WCC,LA,,,
2023,Spring,2023-sp,CLCV 221,Odysseus and Other Heroes,,WCC,LA,,,
2023,Spring,2023-sp,CLCV 222,Introduction to Greek and Roman Theater,ACP,WCC,LA,,,
2023,Spring,2023-sp,CLCV 223,"Myth,History,Fiction,Tradition",,WCC,,,,
2023,Spring,2023-sp,CLCV 224,American Race and Ethnicity in the Classical Tradition,,US,LA,,,
2023,Spring,2023-sp,CLCV 225,"Greco-Roman Demo, Econ, Cult",,WCC,HP,,,
2023,Spring,2023-sp,CLCV 230,Ancient Engineering,,WCC,,PS,,
2023,Spring,2023-sp,CLCV 231,Development of Ancient Cities,,WCC,HP,,,
2023,Spring,2023-sp,CLCV 240,Gender & Sexuality in Greco-Roman Antiquity,,WCC,LA,,,
2023,Spring,2023-sp,CLCV 250,Sports and Society in Greece and Rome,,WCC,HP,,,
2023,Spring,2023-sp,CLCV 323,The Comic Imagination,ACP,WCC,LA,,,
2023,Spring,2023-sp,CMN 102,Introduction to Communication,,,,,,BSC
2023,Spring,2023-sp,CMN 210,Public Comm in Everyday Life,,WCC,HP,,,
2023,Spring,2023-sp,CMN 214,Organizational Communication & Diversity,,US,,,,
2023,Spring,2023-sp,CMN 220,Communicating Public Policy,ACP,,,,,
2023,Spring,2023-sp,CMN 230,Intro to Interpersonal Comm,,,,,,SS
2023,Spring,2023-sp,CMN 231,Communication and Conflict,,,,,,BSC
2023,Spring,2023-sp,CMN 232,Intro to Intercultural Comm,,NW,,,,SS
2023,Spring,2023-sp,CMN 250,Social Movement Communication,,US,,,,
2023,Spring,2023-sp,CMN 260,Intro to Health Communication,,WCC,,,,BSC
2023,Spring,2023-sp,CMN 275,"Media, Money and Power",,WCC,HP,,,
2023,Spring,2023-sp,CMN 277,Introduction to Mediated Communication,,US,,,,SS
2023,Spring,2023-sp,CMN 280,Comm Technology & Society,,,,,,SS
2023,Spring,2023-sp,CPSC 112,Introduction to Crop Sciences,,,,LS,,
2023,Spring,2023-sp,CPSC 113,"Environment, Agriculture, and Society",,WCC,,LS,,
2023,Spring,2023-sp,CPSC 116,The Global Food Production Web,,NW,,,,
2023,Spring,2023-sp,CPSC 131,Agriculture in Mythology,,NW,,,,
2023,Spring,2023-sp,CPSC 241,Intro to Applied Statistics,,,,,QR1,
2023,Spring,2023-sp,CPSC 261,Biotechnology in Agriculture,,,,LS,,
2023,Spring,2023-sp,CPSC 270,Applied Entomology,,,,LS,,
2023,Spring,2023-sp,CS 101,Intro Computing: Engrg & Sci,,,,,QR2,
2023,Spring,2023-sp,CS 105,Intro Computing: Non-Tech,,,,,QR1,
2023,Spring,2023-sp,CS 107,Data Science Discovery,,,,,QR1,
2023,Spring,2023-sp,CS 124,Introduction to Computer Science I,,,,,QR1,
2023,Spring,2023-sp,CS 125,Introduction to Computer Science,,,,,QR1,
2023,Spring,2023-sp,CS 128,Introduction to Computer Science II,,,,,QR2,
2023,Spring,2023-sp,CS 211,Ethical and Professional Conduct,ACP,,,,,
2023,Spring,2023-sp,CS 225,Data Structures,,,,,QR2,
2023,Spring,2023-sp,CS 429,"Software Engineering II, ACP",ACP,,,,,
2023,Spring,2023-sp,CS 493,"Senior Project II, ACP",ACP,,,,,
2023,Spring,2023-sp,CS 499,Senior Thesis,ACP,,,,,
2023,Spring,2023-sp,CW 100,Intro to Creative Writing,,,LA,,,
2023,Spring,2023-sp,CW 243,"The Craft Essay: Creative Reading, Reflection, and Revision",ACP,,,,,
2023,Spring,2023-sp,CWL 111,Bible as Literature,,,LA,,,
2023,Spring,2023-sp,CWL 114,Global Consciousness and Lit,,NW,LA,,,
2023,Spring,2023-sp,CWL 117,Russ & E Euro Science Fiction,,,LA,,,
2023,Spring,2023-sp,CWL 122,Russia and Black America,,US,,,,
2023,Spring,2023-sp,CWL 151,Cross-Cultural Thematics,,,LA,,,
2023,Spring,2023-sp,CWL 189,Literatures of the Islamic World,,NW,LA,,,
2023,Spring,2023-sp,CWL 190,Modern Asian and African Literatures,,NW,LA,,,
2023,Spring,2023-sp,CWL 201,Comparative Lit Studies,,,LA,,,
2023,Spring,2023-sp,CWL 202,Literature and Ideas,,WCC,LA,,,
2023,Spring,2023-sp,CWL 204,US Border Literatures and Cultures,,US,,,,
2023,Spring,2023-sp,CWL 205,Islam & West Through Lit,,,LA,,,
2023,Spring,2023-sp,CWL 207,Indian Cinema in Context,,NW,LA,,,
2023,Spring,2023-sp,CWL 208,Cultures & Literatures of South Asia,,NW,LA,,,
2023,Spring,2023-sp,CWL 209,Jewish American and US Minority Literatures in Dialogue,,US,LA,,,
2023,Spring,2023-sp,CWL 210,Introduction to Modern African Literature,,NW,LA,,,
2023,Spring,2023-sp,CWL 211,The Arab-Israeli Conflict,,WCC,LA,,,
2023,Spring,2023-sp,CWL 212,Israeli Cinema and Television,,WCC,LA,,,
2023,Spring,2023-sp,CWL 215,"Madness, Myth, and Murder",,,LA,,,
2023,Spring,2023-sp,CWL 216,Legends of King Arthur,,WCC,LA,,,
2023,Spring,2023-sp,CWL 217,Classical Chinese Lit,,NW,LA,,,
2023,Spring,2023-sp,CWL 220,Exploring the Greek and Roman World,,WCC,LA,,,
2023,Spring,2023-sp,CWL 221,Jewish Storytelling,,WCC,LA,,,
2023,Spring,2023-sp,CWL 223,The Qur'an (Koran),,NW,LA,,,
2023,Spring,2023-sp,CWL 226,Humanist Persp of Afro-Am Exp,,US,LA,,,
2023,Spring,2023-sp,CWL 227,Golden Age of Russian Lit,,,LA,,,
2023,Spring,2023-sp,CWL 230,Popular Cultures of Contemporary East Asia,,NW,LA,,,
2023,Spring,2023-sp,CWL 240,Italy Middle Ages & Renaiss,,,LA,,,
2023,Spring,2023-sp,CWL 241,Early Masterpieces of Western Culture,ACP,WCC,LA,,,
2023,Spring,2023-sp,CWL 242,Modern Masterpieces of Western Culture,ACP,WCC,LA,,,
2023,Spring,2023-sp,CWL 249,Russian Lit and Revolution,,,LA,,,
2023,Spring,2023-sp,CWL 250,Grimms' Fairy Tales - ACP,ACP,WCC,LA,,,
2023,Spring,2023-sp,CWL 251,Viking Mythology,,WCC,HP,,,
2023,Spring,2023-sp,CWL 252,Viking Sagas in Translation,,WCC,LA,,,
2023,Spring,2023-sp,CWL 253,Medieval Literature and Culture,,WCC,LA,,,
2023,Spring,2023-sp,CWL 254,Grimm's Fairy Tales in Context,,WCC,LA,,,
2023,Spring,2023-sp,CWL 255,Renaissance Literature and Culture,,WCC,LA,,,
2023,Spring,2023-sp,CWL 257,Enlightenment Literature and Culture,,WCC,LA,,,
2023,Spring,2023-sp,CWL 259,Early African American Literature and Culture,,US,,,,
2023,Spring,2023-sp,CWL 260,Modern African American Literature and Culture,,US,,,,
2023,Spring,2023-sp,CWL 262,Gender & Sexuality in Greco-Roman Antiquity,,WCC,LA,,,
2023,Spring,2023-sp,CWL 263,Odysseus and Other Heroes,,WCC,LA,,,
2023,Spring,2023-sp,CWL 264,Introduction to Greek and Roman Theater,ACP,WCC,LA,,,
2023,Spring,2023-sp,CWL 267,The Short Story,,,LA,,,
2023,Spring,2023-sp,CWL 269,"British, American, and Continental Fiction",,,LA,,,
2023,Spring,2023-sp,CWL 271,The Holocaust in Context - ACP,ACP,WCC,LA,,,
2023,Spring,2023-sp,CWL 272,Sexuality and Literature,,,LA,,,
2023,Spring,2023-sp,CWL 273,The Holocaust in Context,,WCC,LA,,,
2023,Spring,2023-sp,CWL 275,Masterpieces of East Asian Lit,,NW,LA,,,
2023,Spring,2023-sp,CWL 276,Asian Film Genres,,NW,LA,,,
2023,Spring,2023-sp,CWL 283,Jewish Sacred Literature,,,LA,,,
2023,Spring,2023-sp,CWL 311,Japan Lit in Translation I,,NW,LA,,,
2023,Spring,2023-sp,CWL 312,Japan Lit in Translation II,,NW,LA,,,
2023,Spring,2023-sp,CWL 320,Responses to the Holocaust,,WCC,LA,,,
2023,Spring,2023-sp,CWL 322,The Comic Imagination,ACP,WCC,LA,,,
2023,Spring,2023-sp,CWL 400,African Diasporic Thought in the Caribbean,,NW,,,,
2023,Spring,2023-sp,DANC 100,Intro to Contemporary Dance,,WCC,LA,,,
2023,Spring,2023-sp,DANC 125,Black Dances of Resistance,,US,,,,
2023,Spring,2023-sp,DANC 200,Explore Music through Dance,,,LA,,,
2023,Spring,2023-sp,DANC 340,Dancing Black Popular Culture,,US,HP,,,
2023,Spring,2023-sp,DANC 345,Dance Anatomy and Kinesiology,,,,LS,,
2023,Spring,2023-sp,DANC 441,Dance History Seminar,ACP,,,,,
2023,Spring,2023-sp,EALC 120,East Asian Civilizations,,NW,HP,,,
2023,Spring,2023-sp,EALC 122,History East Asian Religions,,NW,HP,,,
2023,Spring,2023-sp,EALC 130,The Chinese Language,,NW,,,,SS
2023,Spring,2023-sp,EALC 132,Zen,,NW,HP,,,
2023,Spring,2023-sp,EALC 207,Classical Chinese Lit,,NW,LA,,,
2023,Spring,2023-sp,EALC 212,East Asian Art History,,NW,LA,,,
2023,Spring,2023-sp,EALC 214,Art in China,,NW,,,,
2023,Spring,2023-sp,EALC 220,Traditional China,,NW,HP,,,
2023,Spring,2023-sp,EALC 221,Modern China,,NW,,,,
2023,Spring,2023-sp,EALC 222,Chinese Thought and Culture,,NW,HP,,,
2023,Spring,2023-sp,EALC 225,Japanese Religions: Thought and Practice,,NW,HP,,,
2023,Spring,2023-sp,EALC 226,Premodern Japanese History,,NW,HP,,,
2023,Spring,2023-sp,EALC 227,Modern Japanese History,,NW,HP,,,
2023,Spring,2023-sp,EALC 230,Popular Cultures of Contemporary East Asia,,NW,LA,,,
2023,Spring,2023-sp,EALC 240,Chinese Civilization,,NW,,,,
2023,Spring,2023-sp,EALC 250,Intro to Japanese Culture,,NW,,,,SS
2023,Spring,2023-sp,EALC 275,Masterpieces of East Asian Lit,,NW,LA,,,
2023,Spring,2023-sp,EALC 276,Asian Film Genres,,NW,LA,,,
2023,Spring,2023-sp,EALC 285,Intro to Korea Through Film,,NW,,,,
2023,Spring,2023-sp,EALC 287,Introduction to Buddhism,,NW,HP,,,
2023,Spring,2023-sp,EALC 305,Japan Lit in Translation I,,NW,LA,,,
2023,Spring,2023-sp,EALC 306,Japan Lit in Translation II,,NW,LA,,,
2023,Spring,2023-sp,EALC 327,Tokyo: Then and Now,ACP,NW,,,,
2023,Spring,2023-sp,EALC 361,Gender and Women in East Asia,ACP,,,,,
2023,Spring,2023-sp,EALC 365,Contemporary Korean Society,,NW,,,,SS BSC
2023,Spring,2023-sp,EALC 367,History of Korea,,NW,HP,,,
2023,Spring,2023-sp,ECE 101,Exploring Digital Info Technol,,,,PS,QR2,
2023,Spring,2023-sp,ECE 316,Ethics and Engineering,ACP,,HP,,,
2023,Spring,2023-sp,ECE 445,Senior Design Project Lab,ACP,,,,,
2023,Spring,2023-sp,ECE 496,Senior Research Project,ACP,,,,,
2023,Spring,2023-sp,ECE 499,Senior Thesis,ACP,,,,,
2023,Spring,2023-sp,ECON 101,Introduction to Economics,,,,,,SS
2023,Spring,2023-sp,ECON 102,Microeconomic Principles,,,,,,SS
2023,Spring,2023-sp,ECON 103,Macroeconomic Principles,,,,,,SS
2023,Spring,2023-sp,ECON 202,Economic Statistics I,,,,,QR1,
2023,Spring,2023-sp,ECON 210,Environmental Economics,,,,,,SS
2023,Spring,2023-sp,ECON 442,Women in the Economy,ACP,,,,,
2023,Spring,2023-sp,ECON 451,Program Evaluation in Developing Economies,ACP,,,,,
2023,Spring,2023-sp,EDUC 201,Identity and Difference in Education,,US,,,,
2023,Spring,2023-sp,EDUC 202,"Social Justice, School and Society",ACP,,HP,,,
2023,Spring,2023-sp,ENGL 101,Intro to Poetry,,,LA,,,
2023,Spring,2023-sp,ENGL 102,Intro to Drama,,,LA,,,
2023,Spring,2023-sp,ENGL 103,Intro to Fiction,,,LA,,,
2023,Spring,2023-sp,ENGL 104,Introduction to Film,,,LA,,,
2023,Spring,2023-sp,ENGL 109,Intro to Fiction-ACP,ACP,,LA,,,
2023,Spring,2023-sp,ENGL 114,Bible as Literature,,,LA,,,
2023,Spring,2023-sp,ENGL 115,Intro to British Literature,,WCC,LA,,,
2023,Spring,2023-sp,ENGL 116,Introduction to American Literature,,WCC,LA,,,
2023,Spring,2023-sp,ENGL 117,Shakespeare on Film,,,LA,,,
2023,Spring,2023-sp,ENGL 122,The Middle Ages in Popular Culture,,,LA,,,
2023,Spring,2023-sp,ENGL 150,Black Literature in America,,US,LA,,,
2023,Spring,2023-sp,ENGL 200,Introduction to the Study of Literature and Culture,,,LA,,,
2023,Spring,2023-sp,ENGL 202,Medieval Literature and Culture,,WCC,LA,,,
2023,Spring,2023-sp,ENGL 204,Renaissance Literature and Culture,,WCC,LA,,,
2023,Spring,2023-sp,ENGL 206,Enlightenment Literature and Culture,,WCC,LA,,,
2023,Spring,2023-sp,ENGL 207,Romantic Literature and Culture,,WCC,LA,,,
2023,Spring,2023-sp,ENGL 208,Victorian Literature and Culture,,WCC,LA,,,
2023,Spring,2023-sp,ENGL 209,Early British Literature and Culture,,WCC,LA,,,
2023,Spring,2023-sp,ENGL 210,Modern British Literature and Culture,,WCC,LA,,,
2023,Spring,2023-sp,ENGL 211,Introduction to Modern African Literature,,NW,LA,,,
2023,Spring,2023-sp,ENGL 213,Modernist Literature and Culture,,WCC,LA,,,
2023,Spring,2023-sp,ENGL 216,Legends of King Arthur,,WCC,LA,,,
2023,Spring,2023-sp,ENGL 218,Introduction to Shakespeare,,,LA,,,
2023,Spring,2023-sp,ENGL 219,Literature and Medicine,,,LA,,,
2023,Spring,2023-sp,ENGL 220,Literature and Science,,,LA,,,
2023,Spring,2023-sp,ENGL 222,Jewish American and US Minority Literatures in Dialogue,,US,LA,,,
2023,Spring,2023-sp,ENGL 223,Jewish Storytelling,,WCC,LA,,,
2023,Spring,2023-sp,ENGL 224,Latina/o Popular Culture,,US,,,,
2023,Spring,2023-sp,ENGL 225,Intro to Latina/o Literature,,US,LA,,,
2023,Spring,2023-sp,ENGL 241,Modern Poetry,,WCC,,,,
2023,Spring,2023-sp,ENGL 245,The Short Story,,,LA,,,
2023,Spring,2023-sp,ENGL 247,The British Novel,,WCC,LA,,,
2023,Spring,2023-sp,ENGL 248,"British, American, and Continental Fiction",,,LA,,,
2023,Spring,2023-sp,ENGL 250,Nineteenth-Century American Fiction,,WCC,LA,,,
2023,Spring,2023-sp,ENGL 251,The Twentieth-Century American Novel,,WCC,LA,,,
2023,Spring,2023-sp,ENGL 253,Topics in Literature and New Media,,,LA,,,
2023,Spring,2023-sp,ENGL 255,Early American Literature and Culture,,WCC,LA,,,
2023,Spring,2023-sp,ENGL 256,Survey of American Lit II,,WCC,LA,,,
2023,Spring,2023-sp,ENGL 259,Early African American Literature and Culture,,US,,,,
2023,Spring,2023-sp,ENGL 260,Modern African American Literature and Culture,,US,,,,
2023,Spring,2023-sp,ENGL 265,Intro to American Indian Lit,,US,LA,,,
2023,Spring,2023-sp,ENGL 266,Grimm's Fairy Tales in Context,,WCC,LA,,,
2023,Spring,2023-sp,ENGL 267,Grimms' Fairy Tales - ACP,ACP,WCC,LA,,,
2023,Spring,2023-sp,ENGL 268,The Holocaust in Context - ACP,ACP,WCC,LA,,,
2023,Spring,2023-sp,ENGL 269,The Holocaust in Context,,WCC,LA,,,
2023,Spring,2023-sp,ENGL 270,American Film Genres,,,LA,,,
2023,Spring,2023-sp,ENGL 275,Am Indian and Indigenous Film,,US,LA,,,
2023,Spring,2023-sp,ENGL 276,Asian Film Genres,,NW,LA,,,
2023,Spring,2023-sp,ENGL 285,Postcolonial Literature in English,,NW,LA,,,
2023,Spring,2023-sp,ENGL 286,Asian American Literature,,US,LA,,,
2023,Spring,2023-sp,ENGL 330,Slavery and Identity,,US,LA,,,
2023,Spring,2023-sp,ENGL 350,"Writing about Literature, Text, and Culture",ACP,,,,,
2023,Spring,2023-sp,ENGL 359,Responses to the Holocaust,,WCC,LA,,,
2023,Spring,2023-sp,ENGL 360,Environmental Writing,ACP,,,,,
2023,Spring,2023-sp,ENGL 477,Advanced Environmental Writing,ACP,,,,,
2023,Spring,2023-sp,ENSU 301,Soc Impacts Weather & Climate,,,,,,SS
2023,Spring,2023-sp,ENVS 101,Introduction to Energy Sources,,,,PS,QR2,
2023,Spring,2023-sp,ENVS 210,Environmental Economics,,,,,,SS
2023,Spring,2023-sp,ENVS 220,Communicating Agriculture,ACP,,,,,
2023,Spring,2023-sp,EPOL 202,Foundations of Education-ACP,ACP,,,,,
2023,Spring,2023-sp,EPOL 310,Race and Cultural Diversity,ACP,US,,,,
2023,Spring,2023-sp,EPOL 350,Social Learning and Knowledge,ACP,,,,,SS
2023,Spring,2023-sp,EPOL 380,Education and Social Justice,,US,HP,,,
2023,Spring,2023-sp,EPOL 402,Asian American Education,ACP,US,,,,
2023,Spring,2023-sp,EPS 202,Foundations of Education-ACP,ACP,,,,,
2023,Spring,2023-sp,EPS 310,Race and Cultural Diversity,ACP,US,,,,
2023,Spring,2023-sp,EPS 380,Education and Social Justice,,US,HP,,,
2023,Spring,2023-sp,EPS 402,Asian American Education,ACP,US,,,,
2023,Spring,2023-sp,EPSY 201,Educational Psychology,,,,,,BSC
2023,Spring,2023-sp,EPSY 202,Exploring Cultural Diversity,,US,,,,
2023,Spring,2023-sp,EPSY 220,Career Theory and Practice,,,,,,BSC
2023,Spring,2023-sp,EPSY 222,Language & Culture of Deaf Communities,,US,,,,SS
2023,Spring,2023-sp,EPSY 280,Elements of Statistics,,,,,QR1,
2023,Spring,2023-sp,ESE 100,Sustainable Earth,,,,PS,,
2023,Spring,2023-sp,ESE 103,Earth's Physical Systems,,,,PS,,
2023,Spring,2023-sp,ESE 104,Geology of the National Parks,,,,PS,,
2023,Spring,2023-sp,ESE 106,Geographies of Globalization,,NW,,,,SS
2023,Spring,2023-sp,ESE 111,Emergence of Life,,,,LS,,
2023,Spring,2023-sp,ESE 117,The Oceans,,,,PS,,
2023,Spring,2023-sp,ESE 118,Natural Disasters,,,,PS,,
2023,Spring,2023-sp,ESE 120,Severe and Hazardous Weather,,,,PS,QR2,
2023,Spring,2023-sp,ESE 140,Climate and Global Change,,,,PS,,
2023,Spring,2023-sp,ESE 143,History of Life,,,,LS,,
2023,Spring,2023-sp,ESE 202,American Environmental History,,WCC,HP,,,
2023,Spring,2023-sp,ESE 208,History of the Earth System,,,,PS,,
2023,Spring,2023-sp,ESE 210,Social & Environmental Issues,,,,,,SS
2023,Spring,2023-sp,ESE 254,"American People, Places, & Environments",,US,,,,SS
2023,Spring,2023-sp,ESE 287,Environment and Society,,WCC,,,,SS
2023,Spring,2023-sp,ESE 360,Environmental Writing,ACP,,,,,
2023,Spring,2023-sp,ESE 380,Spatial Problem Solving,,,,,QR2,
2023,Spring,2023-sp,ESE 465,Transportation &Sustainability,ACP,,,,,
2023,Spring,2023-sp,ESE 477,Advanced Environmental Writing,ACP,,,,,
2023,Spring,2023-sp,ETMA 311,Humanity in the Food Web,ACP,,HP,,,
2023,Spring,2023-sp,FAA 102,Design Beyond Boundaries,,,LA,,,
2023,Spring,2023-sp,FAA 110,Exploring Arts and Creativity,,,LA,,,
2023,Spring,2023-sp,FAA 201,Black Arts Today,,US,LA,,,
2023,Spring,2023-sp,FR 156,Exploring Paris,,WCC,LA,,,
2023,Spring,2023-sp,FR 165,French in US Minority Cultures,,US,,,,
2023,Spring,2023-sp,FR 179,Migration and French National Identity,,WCC,LA,,,
2023,Spring,2023-sp,FR 195,French Intellectual Tradition,,,HP,,,
2023,Spring,2023-sp,FSHN 101,The Science of Food and How it Relates to You,,,,PS,,
2023,Spring,2023-sp,FSHN 120,Contemporary Nutrition,,,,LS,,
2023,Spring,2023-sp,GEOL 100,Planet Earth,,,,PS,,
2023,Spring,2023-sp,GEOL 104,Geology of the National Parks,,,,PS,,
2023,Spring,2023-sp,GEOL 107,Physical Geology,,,,PS,,
2023,Spring,2023-sp,GEOL 111,Emergence of Life,,,,LS,,
2023,Spring,2023-sp,GEOL 117,The Oceans,,,,PS,,
2023,Spring,2023-sp,GEOL 118,Natural Disasters,,,,PS,,
2023,Spring,2023-sp,GEOL 143,History of Life,,,,LS,,
2023,Spring,2023-sp,GEOL 201,History of Geology,ACP,,HP,,,
2023,Spring,2023-sp,GEOL 208,History of the Earth System,,,,PS,,
2023,Spring,2023-sp,GEOL 350,Volcanoes,,,,,QR2,
2023,Spring,2023-sp,GER 201,German Popular Culture,,WCC,LA,,,
2023,Spring,2023-sp,GER 205,Germany and Europe,,WCC,HP,,,
2023,Spring,2023-sp,GER 250,Grimms' Fairy Tales - ACP,ACP,WCC,LA,,,
2023,Spring,2023-sp,GER 251,Grimm's Fairy Tales in Context,,WCC,LA,,,
2023,Spring,2023-sp,GER 260,The Holocaust in Context - ACP,ACP,WCC,LA,,,
2023,Spring,2023-sp,GER 261,The Holocaust in Context,,WCC,LA,,,
2023,Spring,2023-sp,GER 270,Sexuality and Literature,,,LA,,,
2023,Spring,2023-sp,GER 331,Intro to German Literature,,,LA,,,
2023,Spring,2023-sp,GGIS 100,Introduction to Meteorology,,,,PS,,
2023,Spring,2023-sp,GGIS 101,Global Development & Environment,,NW,,,,SS
2023,Spring,2023-sp,GGIS 103,Earth's Physical Systems,,,,PS,,
2023,Spring,2023-sp,GGIS 104,Social and Cultural Geography,,,,,,SS
2023,Spring,2023-sp,GGIS 105,The Digital Earth,,,,,,SS
2023,Spring,2023-sp,GGIS 106,Geographies of Globalization,,NW,,,,SS
2023,Spring,2023-sp,GGIS 204,Cities of the World,,WCC,,,,SS
2023,Spring,2023-sp,GGIS 210,Social & Environmental Issues,,,,,,SS
2023,Spring,2023-sp,GGIS 220,"Landscapes, Ecosystems and Environmental Change: Science and Management",,,,PS,,
2023,Spring,2023-sp,GGIS 221,Geographies of Global Conflict,,,,,,SS
2023,Spring,2023-sp,GGIS 224,Environmental Data Science,,,,,,SS
2023,Spring,2023-sp,GGIS 254,"American People, Places, & Environments",,US,,,,SS
2023,Spring,2023-sp,GGIS 280,Intro to Social Statistics,,,,,QR1,
2023,Spring,2023-sp,GGIS 287,Environment and Society,,WCC,,,,SS
2023,Spring,2023-sp,GGIS 371,Spatial Analysis,,,,,QR2,
2023,Spring,2023-sp,GGIS 380,Spatial Problem Solving,,,,,QR2,
2023,Spring,2023-sp,GGIS 465,Transportation &Sustainability,ACP,,,,,
2023,Spring,2023-sp,GLBL 100,Intro to Global Studies,,WCC,,,,SS
2023,Spring,2023-sp,GLBL 118,Natural Disasters,,,,PS,,
2023,Spring,2023-sp,GLBL 130,Resistance Movements,,US,,,,
2023,Spring,2023-sp,GLBL 200,Foundations of Research,,,,,QR2,SS
2023,Spring,2023-sp,GLBL 221,Geographies of Global Conflict,,,,,,SS
2023,Spring,2023-sp,GLBL 228,"Terrorism, Past and Present",,,HP,,,
2023,Spring,2023-sp,GLBL 250,Development,,NW,,,,
2023,Spring,2023-sp,GLBL 272,Language and Culture in Turkey,,NW,,,,
2023,Spring,2023-sp,GLBL 280,Nuclear Weapons & Arms Control,ACP,,,,,
2023,Spring,2023-sp,GLBL 357,Ethnic Conflict,ACP,,,,,
2023,Spring,2023-sp,GLBL 392,Int Diplomacy and Negotiation,ACP,,,,,
2023,Spring,2023-sp,GLBL 481,Writing on Technol & Security,ACP,,,,,
2023,Spring,2023-sp,GWS 100,Intro Gender & Women's Studies,,,,,,SS
2023,Spring,2023-sp,GWS 103,Black Women in the Diaspora,,US,,,,
2023,Spring,2023-sp,GWS 201,"Race, Gender & Power",,WCC,,,,
2023,Spring,2023-sp,GWS 202,Sexualities,,WCC,,,,
2023,Spring,2023-sp,GWS 215,US Citizenship Comparatively,,US,HP,,,
2023,Spring,2023-sp,GWS 230,Latina/o Genders & Sexualities,,US,,,,
2023,Spring,2023-sp,GWS 240,Gender & Sexuality in Greco-Roman Antiquity,,WCC,LA,,,
2023,Spring,2023-sp,GWS 245,"Wives, Workers and Witches in Pre-Modern Europe",,WCC,HP,,,
2023,Spring,2023-sp,GWS 250,Gender and Representation,,,,,,SS
2023,Spring,2023-sp,GWS 262,Women's Lives,,,,,,SS
2023,Spring,2023-sp,GWS 263,History of Medicine in the United States,,US,HP,,,
2023,Spring,2023-sp,GWS 270,Sexuality and Literature,,,LA,,,
2023,Spring,2023-sp,GWS 275,The Politics of Fashion,,US,,,,
2023,Spring,2023-sp,GWS 282,Feminist and Queer Activisms,,US,,,,
2023,Spring,2023-sp,GWS 285,US Gender History to 1877,,US,HP,,,
2023,Spring,2023-sp,GWS 286,US Gender History Since 1877,,US,HP,,,
2023,Spring,2023-sp,GWS 287,African-American Women,,US,HP,,,
2023,Spring,2023-sp,GWS 288,Global Islam and Feminisms,,NW,,,,
2023,Spring,2023-sp,GWS 305,"Theories of Race, Gender, and Sexuality",ACP,,,,,
2023,Spring,2023-sp,GWS 356,Sex & Gender in Popular Media,,WCC,,,,
2023,Spring,2023-sp,GWS 361,Gender and Women in East Asia,ACP,,,,,
2023,Spring,2023-sp,GWS 380,Black Women Hist & Cultures,,NW,,,,
2023,Spring,2023-sp,GWS 382,Black Women & Popular Culture,,US,,,,
2023,Spring,2023-sp,GWS 392,Chicanas&Latinas: Self&Society,ACP,,,,,
2023,Spring,2023-sp,GWS 498,Senior Seminar,ACP,,,,,
2023,Spring,2023-sp,HDFS 105,Intro to Human Development,,,,,,BSC
2023,Spring,2023-sp,HDFS 120,Intro to Family Studies,,,,,,SS
2023,Spring,2023-sp,HDFS 140,Intro Gender & Women's Studies,,,,,,SS
2023,Spring,2023-sp,HDFS 143,Biology of Human Behavior,,,,LS,,
2023,Spring,2023-sp,HDFS 220,Families in Global Perspective,,NW,,,,SS
2023,Spring,2023-sp,HDFS 221,Asian Families in America,,US,,,,SS
2023,Spring,2023-sp,HDFS 225,Close Relationships,,,,,,SS
2023,Spring,2023-sp,HDFS 259,Motor Development and Control,,,,,,BSC
2023,Spring,2023-sp,HDFS 262,"Motor Develop, Growth & Form",,,,,,BSC
2023,Spring,2023-sp,HDFS 263,"Diversity in Recreation, Sport, and Tourism",,US,,,,
2023,Spring,2023-sp,HDFS 290,Intro to Research Methods,ACP,,,,,
2023,Spring,2023-sp,HDFS 322,US Latina and Latino Families,,US,,,,
2023,Spring,2023-sp,HDFS 330,Statistical Reasoning for Everyday Life,,,,,QR2,
2023,Spring,2023-sp,HIST 100,Global History,,NW,HP,,,
2023,Spring,2023-sp,HIST 101,History Now!,,,HP,,,
2023,Spring,2023-sp,HIST 103,A History of Everything: The Big Bang to Big Data,,WCC,HP,,,
2023,Spring,2023-sp,HIST 104,Black Music,,US,HP,,,
2023,Spring,2023-sp,HIST 105,Latin America to Independence,,NW,HP,,,
2023,Spring,2023-sp,HIST 106,Modern Latin America,,NW,HP,,,
2023,Spring,2023-sp,HIST 111,History of Africa to 1800,,NW,HP,,,
2023,Spring,2023-sp,HIST 112,History of Africa from 1800,,NW,HP,,,
2023,Spring,2023-sp,HIST 120,East Asian Civilizations,,NW,HP,,,
2023,Spring,2023-sp,HIST 130,History of South Asia,,NW,HP,,,
2023,Spring,2023-sp,HIST 135,History of Islamic Middle East,,NW,HP,,,
2023,Spring,2023-sp,HIST 140,Western Worlds: Ancient and Medieval Societies from the Mediterranean to N. Europe (ACP),ACP,WCC,HP,,,
2023,Spring,2023-sp,HIST 141,Western Worlds: Ancient and Medieval Societies from the Mediterranean to Northern Europe,,WCC,HP,,,
2023,Spring,2023-sp,HIST 142,Modern Europe and the World,,WCC,HP,,,
2023,Spring,2023-sp,HIST 143,Modern Europe and the World - ACP,ACP,WCC,HP,,,
2023,Spring,2023-sp,HIST 164,The Automobile,,WCC,HP,,,
2023,Spring,2023-sp,HIST 168,A History of Judaism,ACP,,HP,,,
2023,Spring,2023-sp,HIST 170,US History to 1877-ACP,ACP,US,HP,,,
2023,Spring,2023-sp,HIST 171,US History to 1877,,US,HP,,,
2023,Spring,2023-sp,HIST 172,US History Since 1877,,US,HP,,,
2023,Spring,2023-sp,HIST 173,US History Since 1877-ACP,ACP,US,HP,,,
2023,Spring,2023-sp,HIST 174,"Black America, 1619-Present",,US,HP,,,
2023,Spring,2023-sp,HIST 202,American Environmental History,,WCC,HP,,,
2023,Spring,2023-sp,HIST 203,Reacting to the Past,,,HP,,,
2023,Spring,2023-sp,HIST 205,Lived Experience in Latin America,,NW,HP,,,
2023,Spring,2023-sp,HIST 207,Digital Documentary Publishing,,,HP,,,
2023,Spring,2023-sp,HIST 211,History of Southern Africa,,NW,HP,,,
2023,Spring,2023-sp,HIST 212,History of Eastern Africa,,NW,HP,,,
2023,Spring,2023-sp,HIST 213,African Muslim Societies,,NW,HP,,,
2023,Spring,2023-sp,HIST 219,History of the Prison,,WCC,HP,,,
2023,Spring,2023-sp,HIST 220,Traditional China,,NW,HP,,,
2023,Spring,2023-sp,HIST 221,Modern China,,NW,,,,
2023,Spring,2023-sp,HIST 222,Chinese Thought and Culture,,NW,HP,,,
2023,Spring,2023-sp,HIST 226,Premodern Japanese History,,NW,HP,,,
2023,Spring,2023-sp,HIST 227,Modern Japanese History,,NW,HP,,,
2023,Spring,2023-sp,HIST 236,Madness and Modern Society,,WCC,HP,,,
2023,Spring,2023-sp,HIST 241,History of Ancient Rome,,WCC,HP,,,
2023,Spring,2023-sp,HIST 245,"Wives, Workers and Witches in Pre-Modern Europe",,WCC,HP,,,
2023,Spring,2023-sp,HIST 247,Medieval Europe,,WCC,HP,,,
2023,Spring,2023-sp,HIST 252,The Holocaust,,WCC,HP,,,
2023,Spring,2023-sp,HIST 253,Enlightenment to Existentialsm,,WCC,HP,,,
2023,Spring,2023-sp,HIST 254,Vikings to Volvos: Scandinavia,,WCC,LA,,,
2023,Spring,2023-sp,HIST 255,British Isles to 1688,,WCC,HP,,,
2023,Spring,2023-sp,HIST 256,Britain and World Since 1688,,WCC,HP,,,
2023,Spring,2023-sp,HIST 257,"Terrorism, Past and Present",,,HP,,,
2023,Spring,2023-sp,HIST 258,20thC World to Midcentury,,WCC,HP,,,
2023,Spring,2023-sp,HIST 259,20thC World from Midcentury,,WCC,HP,,,
2023,Spring,2023-sp,HIST 260,History of Russia,,WCC,HP,,,
2023,Spring,2023-sp,HIST 261,Intro Russian-Jewish Culture,,WCC,HP,,,
2023,Spring,2023-sp,HIST 262,Zionism: A Global History,,WCC,HP,,,
2023,Spring,2023-sp,HIST 263,History of Medicine in the United States,,US,HP,,,
2023,Spring,2023-sp,HIST 264,Technology in Western Society,,WCC,HP,,,
2023,Spring,2023-sp,HIST 265,Science in Western Culture,,WCC,HP,,,
2023,Spring,2023-sp,HIST 268,Biology and Society from Darwin to the Human Genome,,WCC,HP,,,
2023,Spring,2023-sp,HIST 269,Jewish History Since 1700,,WCC,HP,,,
2023,Spring,2023-sp,HIST 270,United States History to 1815,,WCC,HP,,,
2023,Spring,2023-sp,HIST 271,Nineteenth Century America,,WCC,HP,,,
2023,Spring,2023-sp,HIST 272,Twentieth Century America,,WCC,HP,,,
2023,Spring,2023-sp,HIST 273,Illinois History,,,HP,,,
2023,Spring,2023-sp,HIST 274,US Foreign Relations Since 1917,,WCC,HP,,,
2023,Spring,2023-sp,HIST 275,Afro-American History to 1877,,US,HP,,,
2023,Spring,2023-sp,HIST 276,Afro-American Hist Since 1877,,US,HP,,,
2023,Spring,2023-sp,HIST 277,Encounters in Native America,,US,HP,,,
2023,Spring,2023-sp,HIST 278,Native American History,,US,HP,,,
2023,Spring,2023-sp,HIST 279,Mexican-American History,,US,HP,,,
2023,Spring,2023-sp,HIST 280,Caribbean Latina/o Migration,,US,HP,,,
2023,Spring,2023-sp,HIST 281,Constructing Race in America,,US,HP,,,
2023,Spring,2023-sp,HIST 283,Asian American History,,US,HP,,,
2023,Spring,2023-sp,HIST 284,Af Am Urban Hist Since 1917,,US,HP,,,
2023,Spring,2023-sp,HIST 285,US Gender History to 1877,,US,HP,,,
2023,Spring,2023-sp,HIST 286,US Gender History Since 1877,,US,HP,,,
2023,Spring,2023-sp,HIST 287,African-American Women,,US,HP,,,
2023,Spring,2023-sp,HIST 288,American Indians of Illinois,,US,HP,,,
2023,Spring,2023-sp,HIST 289,History of Religion in America,,,HP,,,
2023,Spring,2023-sp,HIST 290,"Religion, Violence & America",,WCC,,,,
2023,Spring,2023-sp,HIST 293,The President and the People,,WCC,HP,,,
2023,Spring,2023-sp,HIST 325,History of Korea,,NW,HP,,,
2023,Spring,2023-sp,HIST 327,Tokyo: Then and Now,ACP,NW,,,,
2023,Spring,2023-sp,HIST 393,The World of Jewish Sepharad,,WCC,HP,,,
2023,Spring,2023-sp,HIST 478,"The Black Freedom Movement, 1955-Present",ACP,,,,,
2023,Spring,2023-sp,HIST 482,Slavery in the United States,ACP,,,,,
2023,Spring,2023-sp,HIST 498,Research and Writing Seminar,ACP,,,,,
2023,Spring,2023-sp,HNDI 115,Language and Culture in India,,NW,,,,
2023,Spring,2023-sp,HORT 223,The Intelligent Behavior of Plants,ACP,,,LS,,
2023,Spring,2023-sp,IB 100,Biology in Today's World,,,,LS,,
2023,Spring,2023-sp,IB 103,Introduction to Plant Biology,,,,LS,,
2023,Spring,2023-sp,IB 105,Environmental Biology,,,,LS,,
2023,Spring,2023-sp,IB 108,The Biology of Dinosaurs,,,,LS,,
2023,Spring,2023-sp,IB 110,Race and Environmental Biology,,US,,LS,,
2023,Spring,2023-sp,IB 150,Organismal & Evolutionary Biol,,,,LS,,
2023,Spring,2023-sp,IB 203,Ecology,ACP,,,,,
2023,Spring,2023-sp,IB 210,The Biology of Sex: From Molecules to Societies,,,,LS,,
2023,Spring,2023-sp,IB 220,Applied Entomology,,,,LS,,
2023,Spring,2023-sp,IB 271,Organismal Biology,ACP,,,,,
2023,Spring,2023-sp,IHLT 230,Leadership in Health,,,,,,SS
2023,Spring,2023-sp,IHLT 232,Health Disparities in the U.S.,,US,,,,
2023,Spring,2023-sp,IHLT 240,Aging and Health Policy,,,,,,BSC
2023,Spring,2023-sp,INFO 202,Social Aspects Info Tech,,,,,,SS
2023,Spring,2023-sp,INFO 303,Writing Across Media,ACP,,,,,
2023,Spring,2023-sp,IS 101,Introduction to Information Sciences,,,,,,SS
2023,Spring,2023-sp,IS 107,Data Science Discovery,,,,,QR1,
2023,Spring,2023-sp,IS 145,Mapping Inequalities,,US,,,QR2,SS
2023,Spring,2023-sp,IS 202,Social Aspects Info Tech,,,,,,SS
2023,Spring,2023-sp,IS 203,Analytical Foundations for Information Problems,,,,,QR2,
2023,Spring,2023-sp,IS 229,Web Design Fundamentals,,,,,QR1,
2023,Spring,2023-sp,IS 266,Community Innovation,,WCC,,,,SS
2023,Spring,2023-sp,IS 305,Programming for Information Problems II,,,,,QR1,
2023,Spring,2023-sp,IS 312,Reading and Writing Data,ACP,,LA,,,
2023,Spring,2023-sp,ITAL 156,Exploring Rome: History and Culture of the Eternal City,,WCC,LA,,,
2023,Spring,2023-sp,ITAL 240,Italy Middle Ages & Renaiss,,,LA,,,
2023,Spring,2023-sp,ITAL 250,Minority Identities in Film and Culture: The Italian American and African American Experience,,US,,,,
2023,Spring,2023-sp,ITAL 270,Introduction to Italian Cinema,,,LA,,,
2023,Spring,2023-sp,JOUR 200,Introduction to Journalism,ACP,,,,,
2023,Spring,2023-sp,JOUR 205,History of American Journalism,,,HP,,,
2023,Spring,2023-sp,JOUR 451,Research Methods in Journalism,,,,,QR2,
2023,Spring,2023-sp,JOUR 452,Great Books of Journalism,,,LA,,,
2023,Spring,2023-sp,JS 108,Religion & Society in West I,,WCC,HP,,,
2023,Spring,2023-sp,JS 120,A History of Judaism,ACP,,HP,,,
2023,Spring,2023-sp,JS 201,History of Antisemitism,,WCC,HP,,,
2023,Spring,2023-sp,JS 209,Jewish American and US Minority Literatures in Dialogue,,US,LA,,,
2023,Spring,2023-sp,JS 211,The Arab-Israeli Conflict,,WCC,LA,,,
2023,Spring,2023-sp,JS 212,Israeli Cinema and Television,,WCC,LA,,,
2023,Spring,2023-sp,JS 220,Jewish Storytelling,,WCC,LA,,,
2023,Spring,2023-sp,JS 231,Development of Ancient Cities,,WCC,HP,,,
2023,Spring,2023-sp,JS 252,The Holocaust,,WCC,HP,,,
2023,Spring,2023-sp,JS 261,The Holocaust in Context,,WCC,LA,,,
2023,Spring,2023-sp,JS 262,Zionism: A Global History,,WCC,HP,,,
2023,Spring,2023-sp,JS 269,Jewish History Since 1700,,WCC,HP,,,
2023,Spring,2023-sp,JS 290,Jewish Cultures of the World,,NW,,,,
2023,Spring,2023-sp,JS 320,Responses to the Holocaust,,WCC,LA,,,
2023,Spring,2023-sp,KIN 140,Social Sci of Human Movement,,,,,,SS
2023,Spring,2023-sp,KIN 150,Bioscience of Human Movement,,,,LS,,
2023,Spring,2023-sp,KIN 201,Physical Activity Research Methods,,,,,QR2,
2023,Spring,2023-sp,KIN 230,"Diversity in Recreation, Sport, and Tourism",,US,,,,
2023,Spring,2023-sp,KIN 249,Sport & Modern Society,,,,,,SS
2023,Spring,2023-sp,KIN 259,Motor Development and Control,,,,,,BSC
2023,Spring,2023-sp,KIN 262,"Motor Develop, Growth & Form",,,,,,BSC
2023,Spring,2023-sp,KIN 340,Social & Psychological Aspects of Physical Activity,ACP,,,,,
2023,Spring,2023-sp,KIN 401,Measure & Eval in Kinesiology,,,,,QR2,
2023,Spring,2023-sp,LA 212,Water and Society,,WCC,HP,,,
2023,Spring,2023-sp,LA 221,History of the Prison,,WCC,HP,,,
2023,Spring,2023-sp,LA 222,Islamic Gardens & Architecture,,NW,HP,,,
2023,Spring,2023-sp,LA 242,Nature and American Culture,,WCC,,,,
2023,Spring,2023-sp,LA 250,Environmental Site Analysis,,,,PS,,
2023,Spring,2023-sp,LA 314,History of World Landscapes,ACP,WCC,HP,,,
2023,Spring,2023-sp,LAST 170,Introduction to Latin America,,NW,,,,SS
2023,Spring,2023-sp,LAST 210,Life in the Andes,,NW,,,,SS
2023,Spring,2023-sp,LAST 232,Spanish in the Community,,US,,,,
2023,Spring,2023-sp,LAW 301,Introduction to Law,,,HP,,,
2023,Spring,2023-sp,LAW 302,Transitional Justice,,US,HP,,,
2023,Spring,2023-sp,LAW 303,Living the Law,,,HP,,,
2023,Spring,2023-sp,LEAD 230,Leadership Communications,ACP,,,,,SS
2023,Spring,2023-sp,LEAD 260,Foundations of Leadership,,,,,,SS
2023,Spring,2023-sp,LEAD 340,Leadership Ethics & Society: Addressing Contemporary Challenges,,US,,,,
2023,Spring,2023-sp,LEAD 360,Advanced Leadership Studies,,,,,,SS
2023,Spring,2023-sp,LER 100,Introduction to Labor Studies,,,,,,SS
2023,Spring,2023-sp,LING 100,Intro to Language Science,,,,,,SS
2023,Spring,2023-sp,LING 104,Talking Culture,,,,,,SS
2023,Spring,2023-sp,LING 115,Language and Culture in India,,NW,,,,
2023,Spring,2023-sp,LING 222,Language in Globalization,,NW,,,,
2023,Spring,2023-sp,LING 225,"Language, Mind, and Brain",,,,,,BSC
2023,Spring,2023-sp,LING 240,Language in Human History,,,HP,,,
2023,Spring,2023-sp,LING 250,American Voices: Linguistic Diversity in the US,,US,,,,SS
2023,Spring,2023-sp,LING 270,"Language, Technology & Society",,WCC,,,,BSC
2023,Spring,2023-sp,LING 301,Elements of Syntax,ACP,,,,,
2023,Spring,2023-sp,LLS 100,Intro Latina/Latino Studies,,US,,,,SS
2023,Spring,2023-sp,LLS 200,U.S. Race and Empire,,US,HP,,,
2023,Spring,2023-sp,LLS 201,US Racial & Ethnic Politics,,US,,,,SS
2023,Spring,2023-sp,LLS 215,US Citizenship Comparatively,,US,HP,,,
2023,Spring,2023-sp,LLS 220,Latina/o Migration,,US,,,,SS
2023,Spring,2023-sp,LLS 230,Latina/o Genders & Sexualities,,US,,,,
2023,Spring,2023-sp,LLS 240,Latina/o Popular Culture,,US,,,,
2023,Spring,2023-sp,LLS 242,Intro to Latina/o Literature,,US,LA,,,
2023,Spring,2023-sp,LLS 246,Gender & Sexuality in Latina/o Literature,,US,LA,,,
2023,Spring,2023-sp,LLS 248,"Latin American Diaspora through Film: Beyond Braceros, Narcos, and Latin Lovers",,US,LA,,,
2023,Spring,2023-sp,LLS 250,Latina/os on the Bronze Screen,,US,LA,,,
2023,Spring,2023-sp,LLS 258,Muslims in America,,US,,,,SS
2023,Spring,2023-sp,LLS 259,Latina/o Anthropology,,US,,,,SS
2023,Spring,2023-sp,LLS 260,Graffiti and Murals,,WCC,LA,,,
2023,Spring,2023-sp,LLS 265,Politics of Hip Hop,,US,,,,
2023,Spring,2023-sp,LLS 279,Mexican-American History,,US,HP,,,
2023,Spring,2023-sp,LLS 280,Caribbean Latina/o Migration,,US,HP,,,
2023,Spring,2023-sp,LLS 281,Constructing Race in America,,US,HP,,,
2023,Spring,2023-sp,LLS 282,Feminist and Queer Activisms,,US,,,,
2023,Spring,2023-sp,LLS 301,19thC US Latina/o Lit-ACP,ACP,US,HP,,,
2023,Spring,2023-sp,LLS 305,"Theories of Race, Gender, and Sexuality",ACP,,,,,
2023,Spring,2023-sp,LLS 310,Race and Cultural Diversity,ACP,US,,,,
2023,Spring,2023-sp,LLS 322,US Latina and Latino Families,,US,,,,
2023,Spring,2023-sp,LLS 360,Contemporary US Latina/o Lit,,US,LA,,,
2023,Spring,2023-sp,LLS 372,"Immigration, Law, and Rights",ACP,,,,,
2023,Spring,2023-sp,LLS 385,Theory and Methods in LLS,ACP,,,,,
2023,Spring,2023-sp,LLS 392,Chicanas&Latinas: Self&Society,ACP,,,,,
2023,Spring,2023-sp,MACS 100,Intro to Popular TV & Movies,,WCC,LA,,,
2023,Spring,2023-sp,MACS 101,Introduction to the Media,ACP,,,,,
2023,Spring,2023-sp,MACS 104,Introduction to Film,,,LA,,,
2023,Spring,2023-sp,MACS 117,Shakespeare on Film,,,LA,,,
2023,Spring,2023-sp,MACS 202,Social Aspects Info Tech,,,,,,SS
2023,Spring,2023-sp,MACS 203,Contemporary Movies,,,LA,,,
2023,Spring,2023-sp,MACS 207,Indian Cinema in Context,,NW,LA,,,
2023,Spring,2023-sp,MACS 211,Intro to African-American Film,,US,,,,
2023,Spring,2023-sp,MACS 250,Latina/os on the Bronze Screen,,US,LA,,,
2023,Spring,2023-sp,MACS 261,Survey of World Cinema I,,WCC,LA,,,
2023,Spring,2023-sp,MACS 262,Survey of World Cinema II,,WCC,LA,,,
2023,Spring,2023-sp,MACS 264,Creative and Information Economies,,WCC,HP,,,
2023,Spring,2023-sp,MACS 266,Community Innovation,,WCC,,,,SS
2023,Spring,2023-sp,MACS 275,Am Indian and Indigenous Film,,US,LA,,,
2023,Spring,2023-sp,MACS 321,Film Culture,,WCC,,,,
2023,Spring,2023-sp,MACS 351,Social Aspects of Media,,,,,,SS
2023,Spring,2023-sp,MACS 356,Sex & Gender in Popular Media,,WCC,,,,
2023,Spring,2023-sp,MATH 103,Theory of Arithmetic,,,,,QR1,
2023,Spring,2023-sp,MATH 115,Preparation for Calculus,,,,,QR1,
2023,Spring,2023-sp,MATH 117,Elementary Mathematics,,,,,QR1,
2023,Spring,2023-sp,MATH 119,Ideas in Geometry,,,,,QR1,
2023,Spring,2023-sp,MATH 124,Finite Mathematics,,,,,QR1,
2023,Spring,2023-sp,MATH 181,A Mathematical World,,,,,QR1,
2023,Spring,2023-sp,MATH 213,Basic Discrete Mathematics,,,,,QR2,
2023,Spring,2023-sp,MATH 220,Calculus,,,,,QR1,
2023,Spring,2023-sp,MATH 221,Calculus I,,,,,QR1,
2023,Spring,2023-sp,MATH 231,Calculus II,,,,,QR1,
2023,Spring,2023-sp,MATH 234,Calculus for Business I,,,,,QR1,
2023,Spring,2023-sp,MATH 241,Calculus III,,,,,QR2,
2023,Spring,2023-sp,MATH 285,Intro Differential Equations,,,,,QR2,
2023,Spring,2023-sp,MATH 348,Fundamental Mathematics-ACP,ACP,,,,QR2,
2023,Spring,2023-sp,MCB 100,Introductory Microbiology,,,,LS,,
2023,Spring,2023-sp,MCB 150,Molec & Cellular Basis of Life,,,,LS,,
2023,Spring,2023-sp,MCB 170,Society and the Brain,,,,LS,,
2023,Spring,2023-sp,MCB 180,Human Reproduction & Society,,,,LS,,
2023,Spring,2023-sp,MDIA 223,Watching the Environment,,,,,,SS
2023,Spring,2023-sp,MDVL 111,Ancient to Medieval Art,,,LA,,,
2023,Spring,2023-sp,MDVL 122,The Middle Ages in Popular Culture,,,LA,,,
2023,Spring,2023-sp,MDVL 201,Medieval Literature and Culture,,WCC,LA,,,
2023,Spring,2023-sp,MDVL 216,Legends of King Arthur,,WCC,LA,,,
2023,Spring,2023-sp,MDVL 240,Italy Middle Ages & Renaiss,,,LA,,,
2023,Spring,2023-sp,MDVL 245,"Wives, Workers and Witches in Pre-Modern Europe",,WCC,HP,,,
2023,Spring,2023-sp,MDVL 247,Medieval Europe,,WCC,HP,,,
2023,Spring,2023-sp,MDVL 251,Viking Mythology,,WCC,HP,,,
2023,Spring,2023-sp,MDVL 252,Viking Sagas in Translation,,WCC,LA,,,
2023,Spring,2023-sp,MDVL 255,British Isles to 1688,,WCC,HP,,,
2023,Spring,2023-sp,ME 470,Senior Design Project,ACP,,,,,
2023,Spring,2023-sp,MILS 120,Intro to US Armed Forces,,,HP,,,
2023,Spring,2023-sp,MSE 101,Materials in Today's World,,,,PS,,
2023,Spring,2023-sp,MSE 307,Materials Laboratory I,ACP,,,,,
2023,Spring,2023-sp,MSE 308,Materials Laboratory II,ACP,,,,,
2023,Spring,2023-sp,MUS 130,Music Then and Now,,WCC,LA,,,
2023,Spring,2023-sp,MUS 132,Popular Music Studies,,US,LA,,,
2023,Spring,2023-sp,MUS 133,Introduction to World Music,,NW,LA,,,
2023,Spring,2023-sp,MUS 134,History of Musical Events,,,LA,,,
2023,Spring,2023-sp,MUS 244,Social Foundations of Music Ed,ACP,,,,,
2023,Spring,2023-sp,MUS 313,The History of Music I,,,LA,,,
2023,Spring,2023-sp,MUS 314,The History of Music II,,,LA,,,
2023,Spring,2023-sp,MUS 339,Princpls and Technqs in Mus Ed,,,,,QR2,
2023,Spring,2023-sp,MUSE 250,The World Through Museums,,WCC,,,,SS
2023,Spring,2023-sp,NPRE 101,Introduction to Energy Sources,,,,PS,QR2,
2023,Spring,2023-sp,NPRE 481,Writing on Technol & Security,ACP,,,,,
2023,Spring,2023-sp,NRES 100,Fundamentals of Env Sci,,,,PS,,
2023,Spring,2023-sp,NRES 101,Wildlife Conservation in the 21st Century,,,,LS,,
2023,Spring,2023-sp,NRES 103,The Great Lakes - Freshwater Wonder at Risk,,,,LS,,
2023,Spring,2023-sp,NRES 105,Climate Change Impacts on Ecological Systems,,,,LS,QR2,
2023,Spring,2023-sp,NRES 202,American Environmental History,,WCC,HP,,,
2023,Spring,2023-sp,NRES 210,Environmental Economics,,,,,,SS
2023,Spring,2023-sp,NRES 220,Communicating Agriculture,ACP,,,,,
2023,Spring,2023-sp,NRES 223,Watching the Environment,,,,,,SS
2023,Spring,2023-sp,NRES 224,Social Justice and Environment,,US,,,,SS
2023,Spring,2023-sp,NRES 242,Nature and American Culture,,WCC,,,,
2023,Spring,2023-sp,NRES 270,Applied Entomology,,,,LS,,
2023,Spring,2023-sp,NRES 287,Environment and Society,,WCC,,,,SS
2023,Spring,2023-sp,NRES 419,Env and Plant Ecosystems,ACP,,,,,
2023,Spring,2023-sp,NS 120,Intro to US Armed Forces,,,HP,,,
2023,Spring,2023-sp,PHIL 100,Intro to Philosophy-ACP,ACP,,HP,,,
2023,Spring,2023-sp,PHIL 101,Introduction to Philosophy,,,HP,,,
2023,Spring,2023-sp,PHIL 102,Logic and Reasoning,,,HP,,,
2023,Spring,2023-sp,PHIL 103,Logic and Reasoning QR II,,,HP,,QR2,
2023,Spring,2023-sp,PHIL 104,Intro to Ethics-ACP,ACP,,HP,,,
2023,Spring,2023-sp,PHIL 105,Introduction to Ethics,,,HP,,,
2023,Spring,2023-sp,PHIL 106,Ethics and Social Policy,,,,,,SS
2023,Spring,2023-sp,PHIL 107,Intro to Political Philosophy,,,,,,SS
2023,Spring,2023-sp,PHIL 108,Religion & Society in West I,,WCC,HP,,,
2023,Spring,2023-sp,PHIL 109,Religion & Society in West II,,WCC,HP,,,
2023,Spring,2023-sp,PHIL 110,World Religions,,NW,HP,,,
2023,Spring,2023-sp,PHIL 202,Symbolic Logic,,,,,QR1,
2023,Spring,2023-sp,PHIL 203,Ancient Philosophy,,,HP,,,
2023,Spring,2023-sp,PHIL 206,Early Modern Philosophy,,,HP,,,
2023,Spring,2023-sp,PHIL 210,Ethics,,,HP,,,
2023,Spring,2023-sp,PHIL 214,Biomedical Ethics,,,HP,,,
2023,Spring,2023-sp,PHIL 222,Philosophical Foundations of Computer Science,,,HP,,,
2023,Spring,2023-sp,PHIL 223,Minds & Machines,,,HP,,,
2023,Spring,2023-sp,PHIL 230,Philosophy of Religion Intro,,,HP,,,
2023,Spring,2023-sp,PHIL 231,Religion and Philosophy,,,HP,,,
2023,Spring,2023-sp,PHIL 250,Conceptions of Human Nature,,,HP,,,
2023,Spring,2023-sp,PHIL 270,Philosophy of Science,,,HP,,,
2023,Spring,2023-sp,PHIL 316,Ethics and Engineering,ACP,,HP,,,
2023,Spring,2023-sp,PHIL 419,"Space, Time, and Matter-ACP",ACP,,,,,
2023,Spring,2023-sp,PHIL 454,Advanced Symbolic Logic,,,,,QR2,
2023,Spring,2023-sp,PHYS 101,College Physics: Mech & Heat,,,,PS,QR2,
2023,Spring,2023-sp,PHYS 102,College Physics: E&M & Modern,,,,PS,QR2,
2023,Spring,2023-sp,PHYS 123,Physics Made Easy,,,,PS,,
2023,Spring,2023-sp,PHYS 140,How Things Work,,,,PS,QR2,
2023,Spring,2023-sp,PHYS 150,Physics of Societal Issues,,,,PS,QR2,
2023,Spring,2023-sp,PHYS 211,University Physics: Mechanics,,,,PS,QR2,
2023,Spring,2023-sp,PHYS 212,University Physics: Elec & Mag,,,,PS,QR2,
2023,Spring,2023-sp,PHYS 213,Univ Physics: Thermal Physics,,,,PS,QR2,
2023,Spring,2023-sp,PHYS 214,Univ Physics: Quantum Physics,,,,PS,QR2,
2023,Spring,2023-sp,PHYS 280,Nuclear Weapons & Arms Control,ACP,,,,,
2023,Spring,2023-sp,PHYS 419,"Space, Time, and Matter-ACP",ACP,,,,,
2023,Spring,2023-sp,PHYS 496,Communicating in PhysicsWriting Papers and Giving Talks,ACP,,,,,
2023,Spring,2023-sp,PLPA 200,"Plants, Pathogens, and People",ACP,,,LS,,
2023,Spring,2023-sp,POL 115,Intro to Polish Culture,,WCC,LA,,,
2023,Spring,2023-sp,PORT 150,Writing Brazilians into the U.S.,,US,,,,SS
2023,Spring,2023-sp,PS 100,Intro to Political Science,,,,,,SS
2023,Spring,2023-sp,PS 101,Intro to US Gov & Pol,,,,,,SS
2023,Spring,2023-sp,PS 152,The New Middle East,,NW,,,,SS
2023,Spring,2023-sp,PS 170,"Power, Politics, and Protest",,,HP,,,
2023,Spring,2023-sp,PS 201,US Racial & Ethnic Politics,,US,,,,SS
2023,Spring,2023-sp,PS 214,American Indian Law & Politics,,US,,,,SS
2023,Spring,2023-sp,PS 224,Politics of the National Parks,,,,,,SS
2023,Spring,2023-sp,PS 225,Environmental Politics & Policy,,,,,,SS
2023,Spring,2023-sp,PS 240,Intro to Comp Politics,,,,,,SS
2023,Spring,2023-sp,PS 241,Comp Politics in Dev Nations,,NW,,,,SS
2023,Spring,2023-sp,PS 242,Introduction to Modern Africa,,NW,,,,
2023,Spring,2023-sp,PS 243,Pan Africanism,,NW,,,,
2023,Spring,2023-sp,PS 270,Intro to Political Theory,,,HP,,,
2023,Spring,2023-sp,PS 273,Environment and Society,,WCC,,,,SS
2023,Spring,2023-sp,PS 280,Intro to Intl Relations,,,,,,SS
2023,Spring,2023-sp,PS 281,Intro to Intl Relations-ACP,ACP,,,,,SS
2023,Spring,2023-sp,PS 282,Governing Globalization,ACP,,,,,SS
2023,Spring,2023-sp,PS 357,Ethnic Conflict,ACP,,,,,
2023,Spring,2023-sp,PSYC 100,Intro Psych,,,,,,BSC
2023,Spring,2023-sp,PSYC 103,Intro Experimental Psych,,,,,,BSC
2023,Spring,2023-sp,PSYC 144,"Stereotypes, Prejudice & Discrimination",,US,,,,BSC
2023,Spring,2023-sp,PSYC 201,Intro to Social Psych,,,,,,BSC
2023,Spring,2023-sp,PSYC 207,Psychology of Prejudice and Discrimination,,,,,,BSC
2023,Spring,2023-sp,PSYC 225,"Language, Mind, and Brain",,,,,,BSC
2023,Spring,2023-sp,PSYC 230,Perception & Sensory Processes,,,,,,BSC
2023,Spring,2023-sp,PSYC 235,Intro to Statistics,,,,,QR1,
2023,Spring,2023-sp,PSYC 236,Madness and Modern Society,,WCC,HP,,,
2023,Spring,2023-sp,PSYC 239,Community Psych,,,,,,SS
2023,Spring,2023-sp,PSYC 301,Psychological Statistics,,,,,QR1,
2023,Spring,2023-sp,PSYC 322,Introduction to Intellectual Disability,,,,,,BSC
2023,Spring,2023-sp,PSYC 498,Senior Honors Seminar,ACP,,,,,
2023,Spring,2023-sp,PSYC 499,Senior Honors Seminar II,ACP,,,,,
2023,Spring,2023-sp,REES 115,Intro to Polish Culture,,WCC,LA,,,
2023,Spring,2023-sp,REES 116,Intro to Russian Culture,,WCC,LA,,,
2023,Spring,2023-sp,REES 200,Intro to Russia and Eurasia,,,,,,SS
2023,Spring,2023-sp,REES 201,Introduction to Eastern Europe,,,,,,SS
2023,Spring,2023-sp,REES 265,Central Asian Societies,,NW,,,,SS
2023,Spring,2023-sp,REHB 322,Introduction to Intellectual Disability,,,,,,BSC
2023,Spring,2023-sp,REHB 330,Disability in American Society,,,,,,SS
2023,Spring,2023-sp,REL 101,Bible as Literature,,,LA,,,
2023,Spring,2023-sp,REL 104,Asian Mythology,,NW,HP,,,
2023,Spring,2023-sp,REL 108,Religion & Society in West I,,WCC,HP,,,
2023,Spring,2023-sp,REL 109,Religion & Society in West II,,WCC,HP,,,
2023,Spring,2023-sp,REL 110,World Religions,,NW,HP,,,
2023,Spring,2023-sp,REL 115,Language and Culture in India,,NW,,,,
2023,Spring,2023-sp,REL 116,Faith & Self in Global Context,,WCC,,,,
2023,Spring,2023-sp,REL 120,A History of Judaism,ACP,,HP,,,
2023,Spring,2023-sp,REL 121,Introduction to Christianity,,,HP,,,
2023,Spring,2023-sp,REL 122,History East Asian Religions,,NW,HP,,,
2023,Spring,2023-sp,REL 132,Zen,,NW,HP,,,
2023,Spring,2023-sp,REL 134,"Religion, Race, and Resistance",,US,,,,
2023,Spring,2023-sp,REL 160,Ancient Greek & Roman Religion,,WCC,HP,,,
2023,Spring,2023-sp,REL 201,Hebrew Bible in English,,,HP,,,
2023,Spring,2023-sp,REL 208,Cultures & Literatures of South Asia,,NW,LA,,,
2023,Spring,2023-sp,REL 212,History of Antisemitism,,WCC,HP,,,
2023,Spring,2023-sp,REL 214,Introduction to Islam,,NW,HP,,,
2023,Spring,2023-sp,REL 215,African Muslim Societies,,NW,HP,,,
2023,Spring,2023-sp,REL 220,Jewish Storytelling,,WCC,LA,,,
2023,Spring,2023-sp,REL 223,The Qur'an (Koran),,NW,LA,,,
2023,Spring,2023-sp,REL 224,Chinese Thought and Culture,,NW,HP,,,
2023,Spring,2023-sp,REL 225,Japanese Religions: Thought and Practice,,NW,HP,,,
2023,Spring,2023-sp,REL 230,Philosophy of Religion Intro,,,HP,,,
2023,Spring,2023-sp,REL 231,Religion and Philosophy,,,HP,,,
2023,Spring,2023-sp,REL 234,Black Religious Imaginations,,US,,,,
2023,Spring,2023-sp,REL 235,History of Religion in America,,,HP,,,
2023,Spring,2023-sp,REL 236,"Religion, Violence & America",,WCC,,,,
2023,Spring,2023-sp,REL 251,Viking Mythology,,WCC,HP,,,
2023,Spring,2023-sp,REL 258,Muslims in America,,US,,,,SS
2023,Spring,2023-sp,REL 260,Mystics and Saints in Islam,,NW,LA,,,
2023,Spring,2023-sp,REL 269,Jewish History Since 1700,,WCC,HP,,,
2023,Spring,2023-sp,REL 270,"Religion, Ethics, Environment",,WCC,HP,,,
2023,Spring,2023-sp,REL 283,Jewish Sacred Literature,,,LA,,,
2023,Spring,2023-sp,REL 286,Introduction to Hinduism,,NW,HP,,,
2023,Spring,2023-sp,REL 287,Introduction to Buddhism,,NW,HP,,,
2023,Spring,2023-sp,REL 320,Responses to the Holocaust,,WCC,LA,,,
2023,Spring,2023-sp,REL 393,The World of Jewish Sepharad,,WCC,HP,,,
2023,Spring,2023-sp,RHET 233,Adv Rhetoric & Composition,ACP,,,,,
2023,Spring,2023-sp,RST 100,"Recreation, Sport, and Tourism in Modern Society",,,,,,SS
2023,Spring,2023-sp,RST 120,"Parks, Recreation, and Environments",,,,,,BSC
2023,Spring,2023-sp,RST 224,Politics of the National Parks,,,,,,SS
2023,Spring,2023-sp,RST 225,Environmental Politics & Policy,,,,,,SS
2023,Spring,2023-sp,RST 230,"Diversity in Recreation, Sport, and Tourism",,US,,,,
2023,Spring,2023-sp,RST 242,Nature and American Culture,,WCC,,,,
2023,Spring,2023-sp,RST 335,Leisure and Consumer Culture,,WCC,,,,SS
2023,Spring,2023-sp,RST 370,Research Methods & Analysis,,,,,QR2,
2023,Spring,2023-sp,RST 410,"Strategic Thinking in Recreation, Sport and Tourism",ACP,,,,,
2023,Spring,2023-sp,RUSS 115,Intro to Russian Culture,,WCC,LA,,,
2023,Spring,2023-sp,RUSS 122,Russia and Black America,,US,,,,
2023,Spring,2023-sp,RUSS 220,Golden Age of Russian Lit,,,LA,,,
2023,Spring,2023-sp,RUSS 225,Russian Lit and Revolution,,,LA,,,
2023,Spring,2023-sp,RUSS 260,Medicine & Russian Literature,,,LA,,,
2023,Spring,2023-sp,RUSS 261,Intro Russian-Jewish Culture,,WCC,HP,,,
2023,Spring,2023-sp,SAME 150,Lang&Culture of Arab World,,NW,,,,
2023,Spring,2023-sp,SAME 152,The New Middle East,,NW,,,,SS
2023,Spring,2023-sp,SAME 208,Cultures & Literatures of South Asia,,NW,LA,,,
2023,Spring,2023-sp,SAME 211,The Arab-Israeli Conflict,,WCC,LA,,,
2023,Spring,2023-sp,SAME 212,Israeli Cinema and Television,,WCC,LA,,,
2023,Spring,2023-sp,SAME 214,Introduction to Islam,,NW,HP,,,
2023,Spring,2023-sp,SAME 223,The Qur'an (Koran),,NW,LA,,,
2023,Spring,2023-sp,SAME 250,Introduction to Middle East Studies,,NW,,,,
2023,Spring,2023-sp,SAME 260,Mystics and Saints in Islam,,NW,LA,,,
2023,Spring,2023-sp,SAME 265,Central Asian Societies,,NW,,,,SS
2023,Spring,2023-sp,SAME 272,Language and Culture in Turkey,,NW,,,,
2023,Spring,2023-sp,SCAN 215,"Madness, Myth, and Murder",,,LA,,,
2023,Spring,2023-sp,SCAN 225,Vikings to Volvos: Scandinavia,,WCC,LA,,,
2023,Spring,2023-sp,SCAN 251,Viking Mythology,,WCC,HP,,,
2023,Spring,2023-sp,SCAN 252,Viking Sagas in Translation,,WCC,LA,,,
2023,Spring,2023-sp,SE 494,Senior Engineering Project I,ACP,,,,,
2023,Spring,2023-sp,SE 495,Senior Engineering Project II,ACP,,,,,
2023,Spring,2023-sp,SHS 120,"Child, Comm, & Lang Ability",,,,,,BSC
2023,Spring,2023-sp,SHS 222,Language & Culture of Deaf Communities,,US,,,,SS
2023,Spring,2023-sp,SHS 231,Lang Diff Dis: American Persp,,US,,,,
2023,Spring,2023-sp,SHS 271,Communication and Aging,,,,,,SS
2023,Spring,2023-sp,SLAV 117,Russ & E Euro Science Fiction,,,LA,,,
2023,Spring,2023-sp,SLAV 120,Russian & E Euro Folktales,,WCC,LA,,,
2023,Spring,2023-sp,SLCL 200,Topics in Global Culture,,WCC,HP,,,
2023,Spring,2023-sp,SOC 100,Introduction to Sociology,,,,,,SS
2023,Spring,2023-sp,SOC 101,Sociology of Gender,,,,,,SS
2023,Spring,2023-sp,SOC 122,Africa in World Perspective,,NW,,,,SS
2023,Spring,2023-sp,SOC 130,Intro Gender & Women's Studies,,,,,,SS
2023,Spring,2023-sp,SOC 160,Global Ineq and Social Change,,NW,,,,SS
2023,Spring,2023-sp,SOC 161,Introduction to Poverty,,WCC,,,,SS
2023,Spring,2023-sp,SOC 162,Intro to Intl Health Policy,,WCC,,,,SS
2023,Spring,2023-sp,SOC 170,"Integration, Assimilation and Multiculturalism: America's Immigrant Society",,US,,,,SS
2023,Spring,2023-sp,SOC 179,Social Organization,,,,,,SS
2023,Spring,2023-sp,SOC 180,Stress and Health in African American Communities,,US,,,,SS
2023,Spring,2023-sp,SOC 201,"Race, Gender & Power",,WCC,,,,
2023,Spring,2023-sp,SOC 202,Sexualities,,WCC,,,,
2023,Spring,2023-sp,SOC 221,Latina/o Migration,,US,,,,SS
2023,Spring,2023-sp,SOC 222,Introduction to Modern Africa,,NW,,,,
2023,Spring,2023-sp,SOC 225,Race and Ethnicity,,US,,,,SS
2023,Spring,2023-sp,SOC 265,Central Asian Societies,,NW,,,,SS
2023,Spring,2023-sp,SOC 270,Global Demography,,,,,,SS
2023,Spring,2023-sp,SOC 280,Intro to Social Statistics,,,,,QR1,
2023,Spring,2023-sp,SOC 350,Technology and Society,,,,,,SS
2023,Spring,2023-sp,SOC 373,Social Inequality,,,,,,SS
2023,Spring,2023-sp,SOC 380,Social Research Methods,,,,,QR2,
2023,Spring,2023-sp,SOC 392,Chicanas&Latinas: Self&Society,ACP,,,,,
2023,Spring,2023-sp,SOC 488,Demographic Analysis,,,,,QR2,
2023,Spring,2023-sp,SOCW 200,Introduction to Social Work,,,,,,SS
2023,Spring,2023-sp,SOCW 225,Social Work Statistics,,,,,QR1,
2023,Spring,2023-sp,SOCW 240,Death & Dying,,,,,,SS
2023,Spring,2023-sp,SOCW 245,Doing Good through the Nonprofit Sector,,,,,,SS
2023,Spring,2023-sp,SOCW 297,Asian Families in America,,US,,,,SS
2023,Spring,2023-sp,SOCW 300,Diversity: Identities & Issues,ACP,US,,,,
2023,Spring,2023-sp,SPAN 150,Language and Identity in Latinx Communities in the US,,US,,,,SS
2023,Spring,2023-sp,SPAN 232,Spanish in the Community,,US,,,,
2023,Spring,2023-sp,SPAN 240,Latina/o Popular Culture,,US,,,,
2023,Spring,2023-sp,SPAN 242,Intro to Latina/o Literature,,US,LA,,,
2023,Spring,2023-sp,SPAN 246,Gender & Sexuality in Latina/o Literature,,US,LA,,,
2023,Spring,2023-sp,SPAN 248,"Latin American Diaspora through Film: Beyond Braceros, Narcos, and Latin Lovers",,US,LA,,,
2023,Spring,2023-sp,SPED 117,The Culture of Disability,,,HP,,,
2023,Spring,2023-sp,SPED 322,Introduction to Intellectual Disability,,,,,,BSC
2023,Spring,2023-sp,STAT 100,Statistics,,,,,QR1,
2023,Spring,2023-sp,STAT 107,Data Science Discovery,,,,,QR1,
2023,Spring,2023-sp,STAT 200,Statistical Analysis,,,,,QR1,
2023,Spring,2023-sp,STAT 207,Data Science Exploration,,,,,QR2,
2023,Spring,2023-sp,STAT 212,Biostatistics,,,,,QR1,
2023,Spring,2023-sp,TAM 324,Behavior of Materials,ACP,,,,,
2023,Spring,2023-sp,THEA 101,Introduction to Theatre Arts,,,LA,,,
2023,Spring,2023-sp,THEA 110,Broadway Musicals,,WCC,LA,,,
2023,Spring,2023-sp,THEA 122,Theatre Foundations: Theory and Practice,,,LA,,,
2023,Spring,2023-sp,THEA 208,21st Century Dramaturgy,,,LA,,,
2023,Spring,2023-sp,THEA 210,Introduction to Greek and Roman Theater,ACP,WCC,LA,,,
2023,Spring,2023-sp,THEA 260,Intro Asian American Theatre,,US,,,,
2023,Spring,2023-sp,THEA 262,Literature of Modern Theatre,ACP,,LA,,,
2023,Spring,2023-sp,THEA 263,Intro African American Theat,,US,,,,
2023,Spring,2023-sp,THEA 304,Global Theatre Performance,ACP,,,,,
2023,Spring,2023-sp,THEA 323,The Comic Imagination,ACP,WCC,LA,,,
2023,Spring,2023-sp,TRST 201,Intro to Translation Studies,,,LA,,,
2023,Spring,2023-sp,TURK 270,Language and Culture in Turkey,,NW,,,,
2023,Spring,2023-sp,UKR 113,Ukrainian Culture,,WCC,LA,,,
2023,Spring,2023-sp,UP 116,Urban Informatics I,,,,,QR1,
2023,Spring,2023-sp,UP 136,Urban Sustainability,,,,,,SS
2023,Spring,2023-sp,UP 160,"Race, Social Justice, and Cities",,US,,,,
2023,Spring,2023-sp,UP 185,Cities in a Global Perspective,,NW,,,,SS
2023,Spring,2023-sp,UP 205,Ecology & Environmental Sustainability,,,,LS,,
2023,Spring,2023-sp,UP 210,Environmental Economics,,,,,,SS
2023,Spring,2023-sp,UP 260,Social Inequality and Planning,,,,,,SS
2023,Spring,2023-sp,UP 312,Communication for Planners,ACP,,,,,
2023,Spring,2023-sp,UP 316,Urban Informatics II,,,,,QR2,
2023,Spring,2023-sp,UP 330,The Modern American City,,US,,,,
2023,Spring,2023-sp,WRIT 303,Writing Across Media,ACP,,,,,
2023,Spring,2023-sp,YDSH 220,Jewish Storytelling,,WCC,LA,,,
2023,Spring,2023-sp,YDSH 320,Responses to the Holocaust,,WCC,LA,,,
